affordance_id,affordance_name,rmse_b,rmse_d,delta_rmse_d_minus_b,delta_rmse_ci_low,delta_rmse_ci_high,wilcoxon_stat,wilcoxon_p,cohens_d_abs_error,mean_abs_error_b,mean_abs_error_d,n_test
L059,Sleep,0.8139,0.6763,-0.1376,-0.2003,-0.0712,2395.0,0.003259517598855547,0.3429,0.6581,0.551,84
L079,Cook,0.7783,0.5231,-0.2553,-0.4574,-0.0668,3033.0,1.3047475091399262e-08,0.4837,0.545,0.279,84
L091,Computer Work,1.1404,0.8122,-0.3282,-0.4997,-0.1537,2384.0,0.0037767051594873795,0.3109,0.7908,0.5848,84
L130,Conversation,0.9776,0.8127,-0.1649,-0.2266,-0.1026,2779.0,4.646143728217652e-06,0.5389,0.7902,0.6257,84
L141,Yoga/Stretching,1.1751,1.0024,-0.1727,-0.2875,-0.0564,2130.0,0.06194793023759286,0.2289,0.9122,0.7926,84
