{
  "num_leaves": 176,
  "max_depth": 3,
  "learning_rate": 0.12753903546719042,
  "n_estimators": 401,
  "subsample": 0.6917457441514396,
  "colsample_bytree": 0.4848865958436558,
  "reg_alpha": 0.006792598282263382,
  "reg_lambda": 1.674124460463972,
  "min_child_samples": 13,
  "random_state": 42,
  "n_jobs": -1,
  "verbosity": -1
}